<?xml version="1.0" encoding="UTF-8"?>

<mule xmlns:json="http://www.mulesoft.org/schema/mule/json" xmlns:mqtt="http://www.mulesoft.org/schema/mule/mqtt" xmlns:file="http://www.mulesoft.org/schema/mule/file" xmlns:smtps="http://www.mulesoft.org/schema/mule/smtps" xmlns:smtp="http://www.mulesoft.org/schema/mule/smtp" xmlns:vm="http://www.mulesoft.org/schema/mule/vm" xmlns:http="http://www.mulesoft.org/schema/mule/http" xmlns:quartz="http://www.mulesoft.org/schema/mule/quartz" xmlns="http://www.mulesoft.org/schema/mule/core" xmlns:doc="http://www.mulesoft.org/schema/mule/documentation"
	xmlns:spring="http://www.springframework.org/schema/beans" 
	xmlns:xsi="http://www.w3.org/2001/XMLSchema-instance"
	xsi:schemaLocation="http://www.springframework.org/schema/beans http://www.springframework.org/schema/beans/spring-beans-current.xsd
http://www.mulesoft.org/schema/mule/core http://www.mulesoft.org/schema/mule/core/current/mule.xsd
http://www.mulesoft.org/schema/mule/quartz http://www.mulesoft.org/schema/mule/quartz/current/mule-quartz.xsd
http://www.mulesoft.org/schema/mule/http http://www.mulesoft.org/schema/mule/http/current/mule-http.xsd
http://www.mulesoft.org/schema/mule/vm http://www.mulesoft.org/schema/mule/vm/current/mule-vm.xsd
http://www.mulesoft.org/schema/mule/smtp http://www.mulesoft.org/schema/mule/smtp/current/mule-smtp.xsd
http://www.mulesoft.org/schema/mule/smtps http://www.mulesoft.org/schema/mule/smtps/current/mule-smtps.xsd
http://www.mulesoft.org/schema/mule/file http://www.mulesoft.org/schema/mule/file/current/mule-file.xsd
http://www.mulesoft.org/schema/mule/mqtt http://www.mulesoft.org/schema/mule/mqtt/current/mule-mqtt.xsd
http://www.mulesoft.org/schema/mule/json http://www.mulesoft.org/schema/mule/json/current/mule-json.xsd">
    <vm:endpoint exchange-pattern="one-way" path="ComplexEventConsumerPath" name="ComplexEventConsumerGlobalVM" doc:name="VM"/>
    <mqtt:config name="MQTT" doc:name="MQTT" clientId="1" lwtRetained="true">
        <mqtt:connection-pooling-profile initialisationPolicy="INITIALISE_ONE" exhaustedAction="WHEN_EXHAUSTED_GROW" maxWait="0" maxActive="1" maxIdle="1"/>
        <reconnect-forever frequency="5000"/>
    </mqtt:config>
    <file:connector name="OutputFile" autoDelete="false" outputAppend="true" streaming="true" validateConnections="true" doc:name="File"/>
    <flow name="DataReceptionAndManagement" processingStrategy="queued-asynchronous">
        <mqtt:subscribe config-ref="MQTT" doc:name="MQTT (Streaming)" topicFilter="simulator-data" >
            <mqtt:topic-subscriptions />
        </mqtt:subscribe>
        <custom-transformer class="transformer.JsonToNetworkEventTransformer" doc:name="JSONToEvent Transformer"/>
        <!-- <logger message="#[payload]" level="INFO" doc:name="Logger"/>-->
        <component doc:name="Send Event to Esper Engine">
            <singleton-object class="esper.SendEventToEsperComponent"/>
        </component>        
        <!-- 
        <scatter-gather doc:name="Scatter-Gather">
            <component doc:name="Send Event to Esper Engine">
                <singleton-object class="esper.SendEventToEsperComponent"/>
            </component>
            <processor-chain>
                <object-to-string-transformer doc:name="Object to String"/>
                <expression-transformer expression="#[message.payload = message.payload + System.getProperty('line.separator')]" doc:name="Expression"/>
                <file:outbound-endpoint responseTimeout="10000" doc:name="Event File" connector-ref="OutputFile" outputPattern="event-logs.txt" path="event-logs"/>
            </processor-chain>
        </scatter-gather>
        -->
    </flow>
    <flow name="ComplexEventReceptionAndDecisionMaking" processingStrategy="synchronous">
        <vm:inbound-endpoint exchange-pattern="one-way" ref="ComplexEventConsumerGlobalVM" doc:name="ComplexEvent Consumer"/>
        <json:object-to-json-transformer doc:name="Object to JSON"/>
        <expression-transformer expression="#[message.payload + System.getProperty('line.separator')]" doc:name="Expression"/>
        <logger message="#[payload]" level="INFO" doc:name="Logger"/>
        <set-variable variableName="eventPatternName" value="#[message.inboundProperties['eventPatternName']]" doc:name="Event Pattern Name Variable"/>
        <!-- <logger message="Detected Alert '#[message.inboundProperties['eventPatternName']]': #[payload]" level="INFO" doc:name="Logger"/>-->
        <!-- 
        <object-to-string-transformer doc:name="Object to String"/>
        <expression-transformer expression="#[message.payload = message.inboundProperties['eventPatternName'] + ',' + message.payload + System.getProperty('line.separator')]" doc:name="Expression"/>
        -->
        <file:outbound-endpoint path="complex-event-logs" connector-ref="OutputFile" responseTimeout="10000" doc:name="ComplexEvent File" outputPattern="#[eventPatternName].txt"/>
        <!-- 
        <scatter-gather doc:name="Scatter-Gather">
            <logger message="***Complex Event: #[payload]" level="INFO" doc:name="Logger"/>
            <processor-chain>
                <set-payload value="Detected Alert '#[message.inboundProperties['eventPatternName']]': #[payload]" doc:name="Set Alert Payload"/>
                <smtps:outbound-endpoint host="smtp.gmail.com" port="465" user="${email.username}" password="${email.password}" to="${emailto}" from="${emailfrom}" subject="Detected ALERT" responseTimeout="10000" doc:name="Send Alert by Email"/>
            </processor-chain>
        </scatter-gather
        -->
        
    </flow>
    <flow name="EventPatternAdditionToEsper" processingStrategy="asynchronous">
        <file:inbound-endpoint path="new-eventpattern" moveToDirectory="deployed-eventpattern" pollingFrequency="2000" fileAge="1000" responseTimeout="10000" doc:name="New EPL EventPatterns">
            <file:filename-regex-filter pattern=".+\.epl" caseSensitive="true"/>
        </file:inbound-endpoint>
        <file:file-to-string-transformer doc:name="File to String"/>
        <component doc:name="Add Event Pattern to Esper Engine" class="esper.AddEventPatternToEsperComponent">
        </component>
        <choice-exception-strategy doc:name="Choice Exception Strategy">
            <catch-exception-strategy when="exception.causeMatches('*')" doc:name="Syntax Error in EventPattern Code">
                <file:outbound-endpoint path="incorrect-eventpattern" responseTimeout="10000" doc:name="Incorrect EventPattern Code"/>
            </catch-exception-strategy>
        </choice-exception-strategy>
    </flow>
</mule>
